Rank,Name,Address,Reviews in 2025
1,"URBAN Traveler","2480 Fairview Ave N Suite #170, Roseville, MN 55113, USA",3
2,"Scooter's Coffee","2730 Stillwater Rd E, Maplewood, MN 55119, USA",3
3,"Great Moon Buffet","2950 White Bear Ave, Maplewood, MN 55109, USA",2
4,"Tumble Fresh Coin Laundry","1855 Suburban Ave, St Paul, MN 55119, USA",2
5,"Teepwo Market","1654 White Bear Ave, St Paul, MN 55106, USA",2
6,"DSW Designer Shoe Warehouse","1885 County Rd D E, Maplewood, MN 55109, USA",2
7,"The Vitamin Shoppe","1987 County Rd D # 300, St Paul, MN 55109, USA",2
8,"McDonald's","1388 Maryland Avenue East, St Paul, Minnesota",2
9,"Golden Thyme Restaurant & Bar","934 Selby Ave, St Paul, MN 55104, USA",2
10,"St. Paul Eye Clinic","2080 Woodwinds Dr., St Paul, MN 55125, USA",2
11,"Thirsty Otter Tavern and Resort","101 County Rd I, Balsam Lake, WI 54810, USA",2
12,"Friendly Grocery and Meat Market","537 Rice St, St Paul, MN 55103, USA",2
13,"Holiday Stationstores","500 E 7th St, St Paul, MN 55101, USA",2
14,"Snuffy's Malt Shop","17519 Minnetonka Blvd, Minnetonka, MN 55345, USA",2
15,"Cub - St. Paul Phalen","1177 Clarence St #1, St Paul, MN 55106, USA",2
16,"Tracks Bar & Grill","1091 Rice St, St Paul, MN 55117, USA",2
17,"Strauss Skates and Bicycles","1751 Cope Ave E, St Paul, MN 55109, USA",2
18,"Sun Ray Lanes","2245 Hudson Rd, St Paul, MN 55119, USA",1
19,"Walgreens","1700 Rice St, St Paul, MN 55113, USA",1
20,"New Smokes","1700 Rice St, St Paul, MN 55113, USA",1
